모델,PR-AUC,Recall@Top10%,Precision@Top10%,MAE,RMSE
Undersampling Tomek Links + 모델 2개,0.7382183359651612,0.41076991544281266,0.8192307692307692,2.039103444723765,6.307998540778072
