모델,PR-AUC,Recall@Top10%,Precision@Top10%,MAE,RMSE
Undersampling OSS + 모델 2개,0.7400087862553085,0.411214953271028,0.8201183431952662,2.052178368720069,6.290265560268208
