모델,PR-AUC,Recall@Top10%,Precision@Top10%,MAE,RMSE
Undersampling CNN + 모델 2개,0.43469888622216124,0.26101468624833113,0.5205621301775148,2.026513540570761,6.303182614957274
