모델,PR-AUC,Recall@Top10%,Precision@Top10%,MAE,RMSE
Oversampling - SMOTE + 모델 2개,0.724144620798108,0.3968253968253968,0.7914201183431953,1.974238738031004,6.018927865995893
