모델,PR-AUC,Recall@Top10%,Precision@Top10%,MAE,RMSE
Oversampling - SMOTE + 모델 2개,0.730828433544735,0.4014241210502893,0.8005917159763314,2.087562418297963,6.404989442564267
