모델,PR-AUC,Recall@Top10%,Precision@Top10%,MAE,RMSE
Undersampling Random under Sampling (비율 1대1) + 모델 2개,0.6307443488415452,0.3560302625723186,0.7100591715976331,2.028688408707037,6.167178047554016
